{
  "site": "synth_rovinari_T34TFQ_20240825",
  "source_site": "rovinari_T34TFQ_20240825",
  "label_value": 1,
  "split": "train",
  "synthetic": true,
  "plume_params": {
    "centre_y": 133,
    "centre_x": 142,
    "sigma": 31.358356054435202,
    "alpha": 0.2177145173878281,
    "aspect": 0.7124857487838914,
    "angle_rad": 0.34288597842266105,
    "b12_mean_attenuation_dn": 2.0423500537872314,
    "b12_max_attenuation_dn": 19.0
  },
  "plume_centre_y": 133,
  "plume_centre_x": 142,
  "enhancement_ppb": 43.5,
  "extracted": "2026-04-10T01:58:42.782317+00:00"
}