{
  "site": "synth_ctrl_ro_wallachia_T35TLK_20240825",
  "source_site": "ctrl_ro_wallachia_T35TLK_20240825",
  "label_value": 1,
  "split": "train",
  "synthetic": true,
  "plume_params": {
    "centre_y": 90,
    "centre_x": 142,
    "sigma": 28.561743266056105,
    "alpha": 0.14324921558953663,
    "aspect": 1.1777468527824828,
    "angle_rad": 0.4390453758279357,
    "b12_mean_attenuation_dn": 2.5116000175476074,
    "b12_max_attenuation_dn": 13.0
  },
  "plume_centre_y": 90,
  "plume_centre_x": 142,
  "enhancement_ppb": 28.6,
  "extracted": "2026-04-10T01:58:42.684692+00:00"
}