{
  "site": "synth_groningen_gas_field_T31UGV_20240817",
  "source_site": "groningen_gas_field_T31UGV_20240817",
  "label_value": 1,
  "split": "train",
  "synthetic": true,
  "plume_params": {
    "centre_y": 161,
    "centre_x": 51,
    "sigma": 39.371213127720765,
    "alpha": 0.1669234413361046,
    "aspect": 0.9667148582675377,
    "angle_rad": 0.9472281642354797,
    "b12_mean_attenuation_dn": 2.2382500171661377,
    "b12_max_attenuation_dn": 15.0
  },
  "plume_centre_y": 161,
  "plume_centre_x": 51,
  "enhancement_ppb": 33.4,
  "extracted": "2026-04-10T01:58:42.707763+00:00"
}