{
  "site": "synth_rovinari_T34TFQ_20240825",
  "source_site": "rovinari_T34TFQ_20240825",
  "label_value": 1,
  "split": "train",
  "synthetic": true,
  "plume_params": {
    "centre_y": 164,
    "centre_x": 159,
    "sigma": 15.870082198518972,
    "alpha": 0.18327970634902369,
    "aspect": 1.1437825781767594,
    "angle_rad": 0.3326865056575988,
    "b12_mean_attenuation_dn": 0.8060250282287598,
    "b12_max_attenuation_dn": 12.0
  },
  "plume_centre_y": 164,
  "plume_centre_x": 159,
  "enhancement_ppb": 36.7,
  "extracted": "2026-04-10T01:58:42.778263+00:00"
}