{
  "site": "synth_ctrl_ro_wallachia_T35TLK_20240825",
  "source_site": "ctrl_ro_wallachia_T35TLK_20240825",
  "label_value": 1,
  "split": "train",
  "synthetic": true,
  "plume_params": {
    "centre_y": 68,
    "centre_x": 139,
    "sigma": 31.0620521438419,
    "alpha": 0.18531117939293407,
    "aspect": 0.7978578986893602,
    "angle_rad": 0.359806837635713,
    "b12_mean_attenuation_dn": 2.6483500003814697,
    "b12_max_attenuation_dn": 17.0
  },
  "plume_centre_y": 68,
  "plume_centre_x": 139,
  "enhancement_ppb": 37.1,
  "extracted": "2026-04-10T01:58:42.688241+00:00"
}